gene,TAD_chrom,TAD_start,TAD_end,HCT116_corr_gene_self_TAD,HCT116_corr_gene_top20_TAD,A549_corr_gene_self_TAD,A549_corr_gene_top20_TAD,WI38_corr_gene_self_TAD,WI38_corr_gene_top20_TAD,HCT116_FDR_0_05,HCT116_FDR_0_25,A549_FDR_0_05,A549_FDR_0_25,WI38_FDR_0_05,WI38_FDR_0_25
JA429505,chr1,0,724000,NA,NA,0.274093761,0.221681099,NA,NA,FALSE,FALSE,FALSE,TRUE,FALSE,FALSE
CROCC,chr1,16968000,17185000,NA,NA,0.250925287,0.184538377,NA,NA,FALSE,FALSE,FALSE,TRUE,FALSE,FALSE
TRNA_Gly,chr1,16968000,17185000,NA,NA,0.253413854,0.204611781,NA,NA,FALSE,FALSE,FALSE,TRUE,FALSE,FALSE
PITHD1,chr1,23645000,24225000,0.386736642,0.325792246,NA,NA,NA,NA,FALSE,TRUE,FALSE,FALSE,FALSE,FALSE
AHDC1,chr1,27302000,28542000,NA,NA,0.370525939,0.268366313,NA,NA,FALSE,FALSE,FALSE,TRUE,FALSE,FALSE
HPCA,chr1,33349000,33546000,NA,NA,0.213651832,0.175336232,NA,NA,FALSE,FALSE,FALSE,TRUE,FALSE,FALSE
ELOVL1,chr1,43678000,44511000,NA,NA,0.575128469,0.49478529,NA,NA,FALSE,FALSE,FALSE,TRUE,FALSE,FALSE
HYI,chr1,43678000,44511000,0.23275191,0.175920745,NA,NA,NA,NA,FALSE,TRUE,FALSE,FALSE,FALSE,FALSE
AL832891;CYR61,chr1,85778000,87497000,0.310305473,0.263412522,NA,NA,NA,NA,FALSE,TRUE,FALSE,FALSE,FALSE,FALSE
GBP1,chr1,89473000,89867000,NA,NA,0.182215108,0.146385174,NA,NA,FALSE,FALSE,FALSE,TRUE,FALSE,FALSE
AK056431,chr1,152030000,153414000,0.176248771,0.110299401,NA,NA,NA,NA,FALSE,TRUE,FALSE,FALSE,FALSE,FALSE
TCHHL1,chr1,152030000,153414000,0.167163783,0.113227703,NA,NA,NA,NA,FALSE,TRUE,FALSE,FALSE,FALSE,FALSE
S100A3,chr1,153490000,153959000,0.344517897,0.261665,0.64175343,0.424129765,NA,NA,FALSE,TRUE,TRUE,TRUE,FALSE,FALSE
S100A4,chr1,153490000,153959000,0.343092525,0.224496587,0.537847982,0.404414853,NA,NA,FALSE,TRUE,FALSE,TRUE,FALSE,FALSE
S100A6,chr1,153490000,153959000,NA,NA,0.523691854,0.420492426,NA,NA,FALSE,FALSE,FALSE,TRUE,FALSE,FALSE
S100A14,chr1,153490000,153959000,0.41456543,0.270915629,NA,NA,NA,NA,TRUE,TRUE,FALSE,FALSE,FALSE,FALSE
S100A2,chr1,153490000,153959000,0.277946672,0.180186488,NA,NA,NA,NA,FALSE,TRUE,FALSE,FALSE,FALSE,FALSE
S100A5,chr1,153490000,153959000,0.267499074,0.213964588,NA,NA,NA,NA,FALSE,TRUE,FALSE,FALSE,FALSE,FALSE
ITLN1,chr1,160399000,160904000,NA,NA,0.333236149,0.144263489,NA,NA,FALSE,FALSE,TRUE,TRUE,FALSE,FALSE
MPZ,chr1,161167000,161345000,NA,NA,0.232474998,0.210140235,NA,NA,FALSE,FALSE,FALSE,TRUE,FALSE,FALSE
LOC440700,chr1,165607000,165869000,NA,NA,0.231242784,0.173454229,NA,NA,FALSE,FALSE,FALSE,TRUE,FALSE,FALSE
MPZL1,chr1,166812000,169316000,NA,NA,0.56949819,0.50504044,NA,NA,FALSE,FALSE,FALSE,TRUE,FALSE,FALSE
DARS2,chr1,172799000,174180000,NA,NA,0.672145109,0.646248633,NA,NA,FALSE,FALSE,FALSE,TRUE,FALSE,FALSE
GAS5,chr1,172799000,174180000,NA,NA,0.722525388,0.673819205,NA,NA,FALSE,FALSE,FALSE,TRUE,FALSE,FALSE
MR1,chr1,180864000,181129000,NA,NA,0.395194333,0.268229769,NA,NA,FALSE,FALSE,FALSE,TRUE,FALSE,FALSE
CR936711,chr1,1.87E+08,192393000,NA,NA,NA,NA,0.476790123,0.279221588,FALSE,FALSE,FALSE,FALSE,FALSE,TRUE
FAM5C,chr1,1.87E+08,192393000,NA,NA,NA,NA,0.563994399,0.252645576,FALSE,FALSE,FALSE,FALSE,TRUE,TRUE
LOC440704,chr1,1.87E+08,192393000,NA,NA,NA,NA,0.563994399,0.252645576,FALSE,FALSE,FALSE,FALSE,TRUE,TRUE
TROVE2;AK022030,chr1,192441000,193189000,0.578368871,0.536108803,NA,NA,NA,NA,FALSE,TRUE,FALSE,FALSE,FALSE,FALSE
AK123177,chr1,207990000,209938000,NA,NA,0.261740895,0.239391467,NA,NA,FALSE,FALSE,FALSE,TRUE,FALSE,FALSE
ADSS,chr1,244485000,245203000,NA,NA,0.335635805,0.301707583,NA,NA,FALSE,FALSE,FALSE,TRUE,FALSE,FALSE
AKR1C1,chr10,4917000,5440000,NA,NA,0.750118415,0.312212342,NA,NA,FALSE,FALSE,TRUE,TRUE,FALSE,FALSE
AKR1C2,chr10,4917000,5440000,NA,NA,0.725514992,0.376562849,NA,NA,FALSE,FALSE,TRUE,TRUE,FALSE,FALSE
AKR1C3,chr10,4917000,5440000,NA,NA,0.799271639,0.370444995,NA,NA,FALSE,FALSE,TRUE,TRUE,FALSE,FALSE
AKR1C4,chr10,4917000,5440000,NA,NA,0.477303039,0.290477579,NA,NA,FALSE,FALSE,TRUE,TRUE,FALSE,FALSE
TUBAL3,chr10,4917000,5440000,NA,NA,0.224133768,0.182565919,NA,NA,FALSE,FALSE,FALSE,TRUE,FALSE,FALSE
GATA3,chr10,6477000,11485000,NA,NA,0.365075325,0.328711183,NA,NA,FALSE,FALSE,FALSE,TRUE,FALSE,FALSE
MASTL,chr10,27251000,27518000,0.649561184,0.605381719,NA,NA,NA,NA,FALSE,TRUE,FALSE,FALSE,FALSE,FALSE
ITGB1,chr10,32136000,34915000,NA,NA,0.552526923,0.499571026,NA,NA,FALSE,FALSE,FALSE,TRUE,FALSE,FALSE
NRP1,chr10,32136000,34915000,NA,NA,0.698699674,0.534942377,NA,NA,FALSE,FALSE,FALSE,TRUE,FALSE,FALSE
LINC00263,chr10,102046000,102273000,NA,NA,0.3362542,0.276697717,NA,NA,FALSE,FALSE,FALSE,TRUE,FALSE,FALSE
GBF1;BC068543,chr10,103965000,104368000,NA,NA,0.240698869,0.217091917,NA,NA,FALSE,FALSE,FALSE,TRUE,FALSE,FALSE
RNH1,chr11,216000,501000,NA,NA,0.666888601,0.616488672,NA,NA,FALSE,FALSE,FALSE,TRUE,FALSE,FALSE
SIGIRR,chr11,216000,501000,NA,NA,0.555283972,0.509401671,NA,NA,FALSE,FALSE,FALSE,TRUE,FALSE,FALSE
IFITM1,chr11,216000,501000,0.434388041,0.335214085,NA,NA,NA,NA,FALSE,TRUE,FALSE,FALSE,FALSE,FALSE
IFITM2,chr11,216000,501000,0.698590825,0.638514475,NA,NA,NA,NA,FALSE,TRUE,FALSE,FALSE,FALSE,FALSE
IFITM3,chr11,216000,501000,0.704656709,0.636427371,NA,NA,NA,NA,FALSE,TRUE,FALSE,FALSE,FALSE,FALSE
RASSF7,chr11,556000,767000,NA,NA,0.449063855,0.297551276,NA,NA,FALSE,FALSE,FALSE,TRUE,FALSE,FALSE
H19;MIR675,chr11,1677000,2172000,0.255744761,0.20956367,NA,NA,NA,NA,FALSE,TRUE,FALSE,FALSE,FALSE,FALSE
LSP1,chr11,1677000,2172000,0.334011592,0.185994978,NA,NA,NA,NA,TRUE,TRUE,FALSE,FALSE,FALSE,FALSE
TNNI2,chr11,1677000,2172000,0.225361926,0.178390331,NA,NA,NA,NA,FALSE,TRUE,FALSE,FALSE,FALSE,FALSE
HBE1,chr11,4430000,5330000,0.518993518,0.217480486,NA,NA,NA,NA,TRUE,TRUE,FALSE,FALSE,FALSE,FALSE
HBG2;HBG1,chr11,4430000,5330000,0.654444263,0.179798959,NA,NA,NA,NA,TRUE,TRUE,FALSE,FALSE,FALSE,FALSE
OR51B4,chr11,4430000,5330000,0.426646068,0.181637052,NA,NA,NA,NA,TRUE,TRUE,FALSE,FALSE,FALSE,FALSE
SMPD1,chr11,6401000,6696000,NA,NA,0.266946078,0.236118611,NA,NA,FALSE,FALSE,FALSE,TRUE,FALSE,FALSE
DQ582265,chr11,10374000,10752000,NA,NA,0.671839846,0.609624913,NA,NA,FALSE,FALSE,FALSE,TRUE,FALSE,FALSE
GTF2H1,chr11,18037000,18780000,NA,NA,0.683645172,0.64427144,NA,NA,FALSE,FALSE,FALSE,TRUE,FALSE,FALSE
SAAL1,chr11,18037000,18780000,NA,NA,0.637310874,0.609346454,NA,NA,FALSE,FALSE,FALSE,TRUE,FALSE,FALSE
SLC39A13,chr11,47217000,47420000,0.37115037,0.328009368,NA,NA,NA,NA,FALSE,TRUE,FALSE,FALSE,FALSE,FALSE
TMEM109,chr11,60547000,60919000,0.433729693,0.379743893,NA,NA,NA,NA,FALSE,TRUE,FALSE,FALSE,FALSE,FALSE
STX5,chr11,62343000,62582000,NA,NA,NA,NA,0.646500154,0.49787234,FALSE,FALSE,FALSE,FALSE,FALSE,TRUE
BSCL2,chr11,62343000,62582000,NA,NA,0.656977524,0.598346664,NA,NA,FALSE,FALSE,FALSE,TRUE,FALSE,FALSE
UBXN1,chr11,62343000,62582000,NA,NA,0.690598329,0.608181778,NA,NA,FALSE,FALSE,FALSE,TRUE,FALSE,FALSE
TUT1,chr11,62343000,62582000,0.512686067,0.460842272,NA,NA,NA,NA,FALSE,TRUE,FALSE,FALSE,FALSE,FALSE
OTUB1,chr11,63532000,63906000,NA,NA,0.408543724,0.381884803,NA,NA,FALSE,FALSE,FALSE,TRUE,FALSE,FALSE
BC010924,chr11,65134000,65280000,0.943790485,0.792255325,0.589662682,0.493423877,0.764870949,0.609084462,TRUE,TRUE,FALSE,TRUE,FALSE,TRUE
NEAT1,chr11,65134000,65280000,0.794896461,0.524682855,0.798838197,0.576495822,0.744064138,0.567807586,TRUE,TRUE,TRUE,TRUE,FALSE,TRUE
MALAT1,chr11,65134000,65280000,0.960206509,0.744004318,0.799307386,0.739581751,NA,NA,TRUE,TRUE,FALSE,TRUE,FALSE,FALSE
AF113016,chr11,65134000,65280000,0.413007419,0.335352464,NA,NA,NA,NA,FALSE,TRUE,FALSE,FALSE,FALSE,FALSE
C11orf68,chr11,65443000,65764000,NA,NA,0.495357255,0.427959248,NA,NA,FALSE,FALSE,FALSE,TRUE,FALSE,FALSE
FOSL1,chr11,65443000,65764000,NA,NA,0.512565351,0.425881407,NA,NA,FALSE,FALSE,FALSE,TRUE,FALSE,FALSE
PC,chr11,66178000,66790000,NA,NA,0.387447774,0.309721384,NA,NA,FALSE,FALSE,FALSE,TRUE,FALSE,FALSE
AIP,chr11,66835000,67373000,NA,NA,0.579918674,0.483453237,NA,NA,FALSE,FALSE,FALSE,TRUE,FALSE,FALSE
CDK2AP2,chr11,66835000,67373000,NA,NA,0.353523392,0.33093972,NA,NA,FALSE,FALSE,FALSE,TRUE,FALSE,FALSE
GSTP1,chr11,66835000,67373000,NA,NA,0.544488136,0.473962197,NA,NA,FALSE,FALSE,FALSE,TRUE,FALSE,FALSE
POLD4,chr11,66835000,67373000,NA,NA,0.495889003,0.360168015,NA,NA,FALSE,FALSE,FALSE,TRUE,FALSE,FALSE
SSH3,chr11,66835000,67373000,NA,NA,0.374176683,0.312623442,NA,NA,FALSE,FALSE,FALSE,TRUE,FALSE,FALSE
CORO1B,chr11,66835000,67373000,0.698505444,0.653941971,NA,NA,NA,NA,FALSE,TRUE,FALSE,FALSE,FALSE,FALSE
RPS6KB2,chr11,66835000,67373000,0.468651804,0.424970597,NA,NA,NA,NA,FALSE,TRUE,FALSE,FALSE,FALSE,FALSE
PPME1,chr11,73676000,74458000,NA,NA,0.475485947,0.20228998,NA,NA,FALSE,FALSE,TRUE,TRUE,FALSE,FALSE
UCP2,chr11,73676000,74458000,NA,NA,0.344452388,0.245627597,NA,NA,FALSE,FALSE,FALSE,TRUE,FALSE,FALSE
USP35,chr11,77835000,78236000,NA,NA,NA,NA,0.459465294,0.30337044,FALSE,FALSE,FALSE,FALSE,FALSE,TRUE
RAB30,chr11,82426000,82907000,NA,NA,0.330369013,0.308570656,NA,NA,FALSE,FALSE,FALSE,TRUE,FALSE,FALSE
AB231705,chr11,110362000,111421000,0.366386761,0.103600841,NA,NA,NA,NA,TRUE,TRUE,FALSE,FALSE,FALSE,FALSE
BTG4,chr11,110362000,111421000,0.366386761,0.103600841,NA,NA,NA,NA,TRUE,TRUE,FALSE,FALSE,FALSE,FALSE
AK123947,chr11,121896000,122361000,0.357544126,0.309707307,NA,NA,NA,NA,FALSE,TRUE,FALSE,FALSE,FALSE,FALSE
VSIG2;ESAM,chr11,124517000,124772000,0.240203052,0.190242162,NA,NA,NA,NA,FALSE,TRUE,FALSE,FALSE,FALSE,FALSE
TAPBPL,chr12,6440000,6638000,NA,NA,0.32234944,0.269603154,NA,NA,FALSE,FALSE,FALSE,TRUE,FALSE,FALSE
ING4,chr12,6665000,6956000,NA,NA,0.305854963,0.245415058,NA,NA,FALSE,FALSE,FALSE,TRUE,FALSE,FALSE
C1S,chr12,7082000,7308000,0.272694722,0.212894182,NA,NA,NA,NA,FALSE,TRUE,FALSE,FALSE,FALSE,FALSE
A2M,chr12,9209000,9410000,0.21539912,0.133338909,NA,NA,NA,NA,FALSE,TRUE,FALSE,FALSE,FALSE,FALSE
LOC100499405,chr12,9209000,9410000,0.205382115,0.145979738,NA,NA,NA,NA,FALSE,TRUE,FALSE,FALSE,FALSE,FALSE
LOC144571,chr12,9209000,9410000,0.364444358,0.168888189,NA,NA,NA,NA,TRUE,TRUE,FALSE,FALSE,FALSE,FALSE
PZP,chr12,9209000,9410000,0.184824203,0.112251603,NA,NA,NA,NA,FALSE,TRUE,FALSE,FALSE,FALSE,FALSE
GSG1,chr12,12948000,13373000,NA,NA,0.247604278,0.216184209,NA,NA,FALSE,FALSE,FALSE,TRUE,FALSE,FALSE
FAM113B,chr12,47468000,48006000,NA,NA,0.374889846,0.309593919,NA,NA,FALSE,FALSE,FALSE,TRUE,FALSE,FALSE
DDX23,chr12,49121000,49392000,NA,NA,0.383292372,0.290808347,NA,NA,FALSE,FALSE,FALSE,TRUE,FALSE,FALSE
MCRS1,chr12,49712000,49959000,NA,NA,0.379525448,0.340226778,NA,NA,FALSE,FALSE,FALSE,TRUE,FALSE,FALSE
KCNH3,chr12,49712000,49959000,0.392863889,0.227761601,NA,NA,NA,NA,TRUE,TRUE,FALSE,FALSE,FALSE,FALSE
BCDIN3D,chr12,50026000,50465000,NA,NA,0.524361371,0.500150611,NA,NA,FALSE,FALSE,FALSE,TRUE,FALSE,FALSE
KRT7,chr12,52551000,53236000,0.358302601,0.306912222,NA,NA,NA,NA,FALSE,TRUE,FALSE,FALSE,FALSE,FALSE
KRT80,chr12,52551000,53236000,0.30553861,0.175463567,NA,NA,NA,NA,FALSE,TRUE,FALSE,FALSE,FALSE,FALSE
KRT81,chr12,52551000,53236000,0.333277134,0.199374465,NA,NA,NA,NA,FALSE,TRUE,FALSE,FALSE,FALSE,FALSE
KRT86,chr12,52551000,53236000,0.240984183,0.160167396,NA,NA,NA,NA,FALSE,TRUE,FALSE,FALSE,FALSE,FALSE
PMEL,chr12,56134000,56430000,NA,NA,0.308799374,0.238116689,NA,NA,FALSE,FALSE,FALSE,TRUE,FALSE,FALSE
ANKRD52,chr12,56527000,56875000,NA,NA,0.257800699,0.216769669,NA,NA,FALSE,FALSE,FALSE,TRUE,FALSE,FALSE
ALX1,chr12,82786000,86306000,NA,NA,0.353139722,0.3039642,NA,NA,FALSE,FALSE,FALSE,TRUE,FALSE,FALSE
FGD6,chr12,95470000,95923000,NA,NA,0.443953903,0.414410912,NA,NA,FALSE,FALSE,FALSE,TRUE,FALSE,FALSE
GNN,chr12,102293000,104724000,NA,NA,0.267087666,0.243397302,NA,NA,FALSE,FALSE,FALSE,TRUE,FALSE,FALSE
SSH1,chr12,109005000,109518000,NA,NA,0.607292551,0.533526967,NA,NA,FALSE,FALSE,FALSE,TRUE,FALSE,FALSE
COX6A1,chr12,120780000,121869000,NA,NA,0.511787837,0.334085527,NA,NA,FALSE,FALSE,FALSE,TRUE,FALSE,FALSE
HNF1A,chr12,120780000,121869000,NA,NA,0.355218856,0.332931459,NA,NA,FALSE,FALSE,FALSE,TRUE,FALSE,FALSE
SPPL3,chr12,120780000,121869000,NA,NA,0.379185844,0.34213325,NA,NA,FALSE,FALSE,FALSE,TRUE,FALSE,FALSE
HPD,chr12,121930000,122709000,NA,NA,0.27726158,0.217685699,NA,NA,FALSE,FALSE,FALSE,TRUE,FALSE,FALSE
SFSWAP,chr12,131371000,132570000,NA,NA,0.372232897,0.27987524,NA,NA,FALSE,FALSE,FALSE,TRUE,FALSE,FALSE
ULK1,chr12,131371000,132570000,NA,NA,0.351780687,0.292189106,NA,NA,FALSE,FALSE,FALSE,TRUE,FALSE,FALSE
FBRSL1,chr12,132677000,133256000,0.288240495,0.222000546,0.300294919,0.261428125,NA,NA,FALSE,TRUE,FALSE,TRUE,FALSE,FALSE
GTF3A,chr13,27958000,28557000,0.372752094,0.245809664,NA,NA,NA,NA,FALSE,TRUE,FALSE,FALSE,FALSE,FALSE
U50535,chr13,32424000,34351000,0.674066021,0.634977739,NA,NA,NA,NA,FALSE,TRUE,FALSE,FALSE,FALSE,FALSE
LINC00284,chr13,44493000,44999000,0.227107548,0.108347199,NA,NA,NA,NA,FALSE,TRUE,FALSE,FALSE,FALSE,FALSE
SERP2,chr13,44493000,44999000,0.227107548,0.113227703,NA,NA,NA,NA,FALSE,TRUE,FALSE,FALSE,FALSE,FALSE
DACH1,chr13,67894000,73169000,0.15762376,0.1093233,NA,NA,NA,NA,FALSE,TRUE,FALSE,FALSE,FALSE,FALSE
SNORD37,chr13,67894000,73169000,0.199022523,0.123732979,NA,NA,NA,NA,FALSE,TRUE,FALSE,FALSE,FALSE,FALSE
F10,chr13,113558000,114099000,NA,NA,0.292328319,0.247925784,NA,NA,FALSE,FALSE,FALSE,TRUE,FALSE,FALSE
TMEM55B,chr14,20822000,21388000,NA,NA,0.460603515,0.418139408,NA,NA,FALSE,FALSE,FALSE,TRUE,FALSE,FALSE
APEX1,chr14,20822000,21388000,0.23699734,0.198538695,NA,NA,NA,NA,FALSE,TRUE,FALSE,FALSE,FALSE,FALSE
TINF2,chr14,24541000,24890000,NA,NA,0.439180585,0.384420641,NA,NA,FALSE,FALSE,FALSE,TRUE,FALSE,FALSE
PSME1,chr14,24541000,24890000,0.77333857,0.681393085,NA,NA,NA,NA,FALSE,TRUE,FALSE,FALSE,FALSE,FALSE
RNF31,chr14,24541000,24890000,0.596483039,0.531880519,NA,NA,NA,NA,FALSE,TRUE,FALSE,FALSE,FALSE,FALSE
PPP2R3C,chr14,35103000,35882000,0.418621529,0.348909381,NA,NA,NA,NA,FALSE,TRUE,FALSE,FALSE,FALSE,FALSE
NKX2-8,chr14,36362000,37623000,NA,NA,0.228142026,0.18973862,NA,NA,FALSE,FALSE,FALSE,TRUE,FALSE,FALSE
FBXO33,chr14,39581000,39870000,NA,NA,0.461687474,0.401526044,NA,NA,FALSE,FALSE,FALSE,TRUE,FALSE,FALSE
GPR137C,chr14,52276000,54809000,0.245557721,0.19509631,NA,NA,NA,NA,FALSE,TRUE,FALSE,FALSE,FALSE,FALSE
SNAPC1,chr14,61765000,62288000,NA,NA,0.373331994,0.333920275,NA,NA,FALSE,FALSE,FALSE,TRUE,FALSE,FALSE
PIGH,chr14,67891000,68172000,0.231293542,0.174528971,NA,NA,NA,NA,FALSE,TRUE,FALSE,FALSE,FALSE,FALSE
SLC39A9;BC062762,chr14,69616000,69944000,NA,NA,0.757448867,0.683070781,NA,NA,FALSE,FALSE,FALSE,TRUE,FALSE,FALSE
LTBP2,chr14,74561000,75282000,NA,NA,0.562913802,0.417175352,NA,NA,FALSE,FALSE,FALSE,TRUE,FALSE,FALSE
ADCK1,chr14,77609000,81639000,NA,NA,0.557017497,0.467743739,NA,NA,FALSE,FALSE,FALSE,TRUE,FALSE,FALSE
BDKRB1,chr14,96035000,96947000,NA,NA,0.260723556,0.214565249,NA,NA,FALSE,FALSE,FALSE,TRUE,FALSE,FALSE
AK094562,chr14,100857000,102089000,NA,NA,0.192097236,0.160120042,NA,NA,FALSE,FALSE,FALSE,TRUE,FALSE,FALSE
CDC42BPB,chr14,102797000,103453000,NA,NA,0.379713124,0.337946289,NA,NA,FALSE,FALSE,FALSE,TRUE,FALSE,FALSE
AKT1,chr14,105197000,105973000,NA,NA,0.612341928,0.57764422,NA,NA,FALSE,FALSE,FALSE,TRUE,FALSE,FALSE
C14orf79,chr14,105197000,105973000,NA,NA,0.51289373,0.458662198,NA,NA,FALSE,FALSE,FALSE,TRUE,FALSE,FALSE
CRIP1,chr14,105197000,105973000,NA,NA,0.659882032,0.558416372,NA,NA,FALSE,FALSE,FALSE,TRUE,FALSE,FALSE
CRIP2,chr14,105197000,105973000,NA,NA,0.525644578,0.354394745,NA,NA,FALSE,FALSE,FALSE,TRUE,FALSE,FALSE
JAG2,chr14,105197000,105973000,NA,NA,0.452094645,0.388770472,NA,NA,FALSE,FALSE,FALSE,TRUE,FALSE,FALSE
PACS2,chr14,105197000,105973000,NA,NA,0.504575718,0.438799768,NA,NA,FALSE,FALSE,FALSE,TRUE,FALSE,FALSE
NUDT14,chr14,105197000,105973000,0.542973045,0.449586421,NA,NA,NA,NA,FALSE,TRUE,FALSE,FALSE,FALSE,FALSE
LRRC57,chr15,42784000,42988000,NA,NA,0.240883894,0.199004803,NA,NA,FALSE,FALSE,FALSE,TRUE,FALSE,FALSE
FAM63B,chr15,58543000,59204000,NA,NA,0.55166993,0.530107532,NA,NA,FALSE,FALSE,FALSE,TRUE,FALSE,FALSE
DENND4A,chr15,65611000,66144000,NA,NA,0.390553293,0.366642421,NA,NA,FALSE,FALSE,FALSE,TRUE,FALSE,FALSE
AL109706,chr15,99008000,99772000,NA,NA,0.273531451,0.253164713,NA,NA,FALSE,FALSE,FALSE,TRUE,FALSE,FALSE
AL360260,chr16,766000,845000,NA,NA,0.510076981,0.437718886,NA,NA,FALSE,FALSE,FALSE,TRUE,FALSE,FALSE
LMF1,chr16,877000,1273000,0.368257895,0.326752039,NA,NA,NA,NA,FALSE,TRUE,FALSE,FALSE,FALSE,FALSE
CRAMP1L,chr16,1309000,1773000,NA,NA,0.217333405,0.174500394,NA,NA,FALSE,FALSE,FALSE,TRUE,FALSE,FALSE
UNKL,chr16,1309000,1773000,NA,NA,0.294360785,0.247365834,NA,NA,FALSE,FALSE,FALSE,TRUE,FALSE,FALSE
HS3ST6,chr16,1884000,1998000,NA,NA,0.246307847,0.223709841,NA,NA,FALSE,FALSE,FALSE,TRUE,FALSE,FALSE
NTHL1,chr16,2066000,2144000,NA,NA,0.572121185,0.51125162,NA,NA,FALSE,FALSE,FALSE,TRUE,FALSE,FALSE
SLC9A3R2,chr16,2066000,2144000,NA,NA,0.564270075,0.383575541,NA,NA,FALSE,FALSE,FALSE,TRUE,FALSE,FALSE
TSC2,chr16,2066000,2144000,NA,NA,0.464591805,0.33050181,NA,NA,FALSE,FALSE,FALSE,TRUE,FALSE,FALSE
METTL22;BX537921,chr16,8687000,8952000,NA,NA,0.320671165,0.294378659,NA,NA,FALSE,FALSE,FALSE,TRUE,FALSE,FALSE
ASPHD1,chr16,29722000,30025000,NA,NA,0.329161087,0.259934129,NA,NA,FALSE,FALSE,FALSE,TRUE,FALSE,FALSE
STX4,chr16,30987000,31179000,0.551981755,0.514629192,NA,NA,NA,NA,FALSE,TRUE,FALSE,FALSE,FALSE,FALSE
MT1A,chr16,56501000,57551000,NA,NA,0.575413187,0.304900116,NA,NA,FALSE,FALSE,TRUE,TRUE,FALSE,FALSE
MT1F,chr16,56501000,57551000,0.402881159,0.352008335,0.371577964,0.265827551,NA,NA,FALSE,TRUE,FALSE,TRUE,FALSE,FALSE
MT1X,chr16,56501000,57551000,0.591825951,0.408506089,0.235397463,0.185949051,NA,NA,TRUE,TRUE,FALSE,TRUE,FALSE,FALSE
MT1B,chr16,56501000,57551000,0.361566241,0.302956417,NA,NA,NA,NA,FALSE,TRUE,FALSE,FALSE,FALSE,FALSE
MT1E,chr16,56501000,57551000,0.726651943,0.485799152,NA,NA,NA,NA,TRUE,TRUE,FALSE,FALSE,FALSE,FALSE
MT1JP,chr16,56501000,57551000,0.241379319,0.199423095,NA,NA,NA,NA,FALSE,TRUE,FALSE,FALSE,FALSE,FALSE
MT2A,chr16,56501000,57551000,0.696717175,0.402033219,NA,NA,NA,NA,TRUE,TRUE,FALSE,FALSE,FALSE,FALSE
C17orf50,chr17,33932000,34129000,NA,NA,0.188887139,0.166757743,NA,NA,FALSE,FALSE,FALSE,TRUE,FALSE,FALSE
BC084573,chr17,35004000,35612000,NA,NA,0.405034963,0.339639905,NA,NA,FALSE,FALSE,FALSE,TRUE,FALSE,FALSE
PSMB3,chr17,36835000,37019000,0.46180599,0.418155152,NA,NA,NA,NA,FALSE,TRUE,FALSE,FALSE,FALSE,FALSE
PGAP3,chr17,37704000,38094000,0.22940405,0.191222141,NA,NA,NA,NA,FALSE,TRUE,FALSE,FALSE,FALSE,FALSE
GJD3,chr17,38516000,38702000,NA,NA,0.288513879,0.233879943,NA,NA,FALSE,FALSE,FALSE,TRUE,FALSE,FALSE
KRT15,chr17,38777000,39790000,NA,NA,0.556326264,0.238411218,NA,NA,FALSE,FALSE,TRUE,TRUE,FALSE,FALSE
KRTAP4-12,chr17,38777000,39790000,0.234508828,0.14952057,NA,NA,NA,NA,FALSE,TRUE,FALSE,FALSE,FALSE,FALSE
LOC730755,chr17,38777000,39790000,0.370987899,0.24529081,NA,NA,NA,NA,FALSE,TRUE,FALSE,FALSE,FALSE,FALSE
AK024535;STAT3;AK092965,chr17,40107000,40663000,NA,NA,0.553563609,0.354113231,NA,NA,FALSE,FALSE,TRUE,TRUE,FALSE,FALSE
STAT5A,chr17,40107000,40663000,NA,NA,0.283656975,0.254430975,NA,NA,FALSE,FALSE,FALSE,TRUE,FALSE,FALSE
TUBG2,chr17,40736000,41114000,0.506054534,0.459695316,NA,NA,NA,NA,FALSE,TRUE,FALSE,FALSE,FALSE,FALSE
FMNL1,chr17,43289000,43462000,NA,NA,0.357303722,0.287850217,NA,NA,FALSE,FALSE,FALSE,TRUE,FALSE,FALSE
ATP5G1,chr17,46759000,48154000,0.730822357,0.689735811,NA,NA,NA,NA,FALSE,TRUE,FALSE,FALSE,FALSE,FALSE
SNF8,chr17,46759000,48154000,0.704629197,0.644869708,NA,NA,NA,NA,FALSE,TRUE,FALSE,FALSE,FALSE,FALSE
ABCC3,chr17,48561000,48788000,NA,NA,NA,NA,0.605393744,0.440488717,FALSE,FALSE,FALSE,FALSE,FALSE,TRUE
DGKE,chr17,54870000,55126000,0.271291035,0.195590599,NA,NA,NA,NA,FALSE,TRUE,FALSE,FALSE,FALSE,FALSE
RNF43,chr17,56315000,56543000,0.277100587,0.166947281,NA,NA,NA,NA,FALSE,TRUE,FALSE,FALSE,FALSE,FALSE
SNORA76,chr17,62021000,62362000,0.446247208,0.348917445,0.39683632,0.283350462,NA,NA,FALSE,TRUE,FALSE,TRUE,FALSE,FALSE
C17orf28,chr17,72300000,73199000,NA,NA,0.435222708,0.354477048,NA,NA,FALSE,FALSE,FALSE,TRUE,FALSE,FALSE
ICT1,chr17,72300000,73199000,NA,NA,0.489356093,0.465445284,NA,NA,FALSE,FALSE,FALSE,TRUE,FALSE,FALSE
KCTD2,chr17,72300000,73199000,NA,NA,0.466877282,0.411092592,NA,NA,FALSE,FALSE,FALSE,TRUE,FALSE,FALSE
NT5C,chr17,72300000,73199000,NA,NA,0.637839046,0.609915546,NA,NA,FALSE,FALSE,FALSE,TRUE,FALSE,FALSE
SLC16A5,chr17,72300000,73199000,NA,NA,0.427047679,0.390647482,NA,NA,FALSE,FALSE,FALSE,TRUE,FALSE,FALSE
SLC9A3R1,chr17,72300000,73199000,NA,NA,0.485240627,0.436024845,NA,NA,FALSE,FALSE,FALSE,TRUE,FALSE,FALSE
C17orf110,chr17,73270000,73753000,NA,NA,0.365556482,0.247332833,NA,NA,FALSE,FALSE,FALSE,TRUE,FALSE,FALSE
LLGL2,chr17,73270000,73753000,NA,NA,0.454519862,0.387586577,NA,NA,FALSE,FALSE,FALSE,TRUE,FALSE,FALSE
MYO15B,chr17,73270000,73753000,NA,NA,0.398545835,0.240330699,NA,NA,FALSE,FALSE,FALSE,TRUE,FALSE,FALSE
ANAPC11,chr17,79710000,80168000,NA,NA,0.728897627,0.698422628,NA,NA,FALSE,FALSE,FALSE,TRUE,FALSE,FALSE
ASPSCR1,chr17,79710000,80168000,0.509311331,0.459244544,0.655654855,0.562442468,NA,NA,FALSE,TRUE,FALSE,TRUE,FALSE,FALSE
DCXR,chr17,79710000,80168000,0.703291553,0.615042141,0.588440055,0.5510702,NA,NA,FALSE,TRUE,FALSE,TRUE,FALSE,FALSE
DUS1L,chr17,79710000,80168000,0.816926796,0.707889824,0.635694178,0.572130122,NA,NA,FALSE,TRUE,FALSE,TRUE,FALSE,FALSE
FASN,chr17,79710000,80168000,NA,NA,0.595951562,0.48801555,NA,NA,FALSE,FALSE,FALSE,TRUE,FALSE,FALSE
GPS1,chr17,79710000,80168000,0.811518349,0.752109873,0.743482729,0.64318781,NA,NA,FALSE,TRUE,FALSE,TRUE,FALSE,FALSE
LRRC45,chr17,79710000,80168000,0.646028051,0.533379439,0.580468296,0.5109567,NA,NA,FALSE,TRUE,FALSE,TRUE,FALSE,FALSE
P4HB,chr17,79710000,80168000,NA,NA,0.606666965,0.586129854,NA,NA,FALSE,FALSE,FALSE,TRUE,FALSE,FALSE
PYCR1,chr17,79710000,80168000,0.745266068,0.682722191,0.482416551,0.414075696,NA,NA,FALSE,TRUE,FALSE,TRUE,FALSE,FALSE
STRA13,chr17,79710000,80168000,NA,NA,0.707243398,0.651378525,NA,NA,FALSE,FALSE,FALSE,TRUE,FALSE,FALSE
RFNG,chr17,79710000,80168000,0.508035834,0.469534414,NA,NA,NA,NA,FALSE,TRUE,FALSE,FALSE,FALSE,FALSE
ANKRD29,chr18,21092000,21710000,NA,NA,0.503282403,0.324010684,NA,NA,FALSE,FALSE,FALSE,TRUE,FALSE,FALSE
LAMA3,chr18,21092000,21710000,NA,NA,0.608180003,0.481436755,NA,NA,FALSE,FALSE,FALSE,TRUE,FALSE,FALSE
NPC1,chr18,21092000,21710000,NA,NA,0.576615699,0.471908098,NA,NA,FALSE,FALSE,FALSE,TRUE,FALSE,FALSE
HCN2,chr19,578000,990000,NA,NA,0.340549192,0.304241,NA,NA,FALSE,FALSE,FALSE,TRUE,FALSE,FALSE
PALM,chr19,578000,990000,NA,NA,0.544185449,0.384732859,NA,NA,FALSE,FALSE,FALSE,TRUE,FALSE,FALSE
POLRMT,chr19,578000,990000,NA,NA,0.394585972,0.364986662,NA,NA,FALSE,FALSE,FALSE,TRUE,FALSE,FALSE
PTBP1;MIR4745,chr19,578000,990000,NA,NA,0.450891461,0.423767818,NA,NA,FALSE,FALSE,FALSE,TRUE,FALSE,FALSE
RNF126,chr19,578000,990000,0.604874148,0.540060071,NA,NA,NA,NA,FALSE,TRUE,FALSE,FALSE,FALSE,FALSE
SBNO2,chr19,1041000,1219000,NA,NA,0.491617141,0.436123151,NA,NA,FALSE,FALSE,FALSE,TRUE,FALSE,FALSE
LSM7,chr19,1929000,2417000,NA,NA,0.694798695,0.616037356,NA,NA,FALSE,FALSE,FALSE,TRUE,FALSE,FALSE
PLEKHJ1;MIR1227,chr19,1929000,2417000,NA,NA,0.571468788,0.550283748,NA,NA,FALSE,FALSE,FALSE,TRUE,FALSE,FALSE
ZBTB7A,chr19,4.00E+06,4202000,NA,NA,NA,NA,0.492321924,0.337773666,FALSE,FALSE,FALSE,FALSE,FALSE,TRUE
SIRT6,chr19,4.00E+06,4202000,NA,NA,0.248710845,0.215930113,NA,NA,FALSE,FALSE,FALSE,TRUE,FALSE,FALSE
FUT5,chr19,5797000,6503000,NA,NA,0.354653962,0.331806192,NA,NA,FALSE,FALSE,FALSE,TRUE,FALSE,FALSE
STXBP2,chr19,7449000,7877000,NA,NA,0.345758238,0.296368682,NA,NA,FALSE,FALSE,FALSE,TRUE,FALSE,FALSE
TRAPPC5,chr19,7449000,7877000,NA,NA,0.626444435,0.545846553,NA,NA,FALSE,FALSE,FALSE,TRUE,FALSE,FALSE
ZNF358,chr19,7449000,7877000,NA,NA,0.364953751,0.327637517,NA,NA,FALSE,FALSE,FALSE,TRUE,FALSE,FALSE
LPPR2,chr19,11370000,11609000,NA,NA,0.480340596,0.385196785,NA,NA,FALSE,FALSE,FALSE,TRUE,FALSE,FALSE
TMEM205,chr19,11370000,11609000,NA,NA,0.546552572,0.498963314,NA,NA,FALSE,FALSE,FALSE,TRUE,FALSE,FALSE
HOOK2,chr19,12845000,12991000,NA,NA,0.288734247,0.24285995,NA,NA,FALSE,FALSE,FALSE,TRUE,FALSE,FALSE
RAB8A,chr19,15726000,16308000,0.322482288,0.265329781,NA,NA,NA,NA,FALSE,TRUE,FALSE,FALSE,FALSE,FALSE
UCA1,chr19,15726000,16308000,0.2552746,0.214745168,NA,NA,NA,NA,FALSE,TRUE,FALSE,FALSE,FALSE,FALSE
ARRDC2,chr19,17990000,18509000,NA,NA,0.424413175,0.381739049,NA,NA,FALSE,FALSE,FALSE,TRUE,FALSE,FALSE
RAB3A,chr19,17990000,18509000,NA,NA,0.30726681,0.231519204,NA,NA,FALSE,FALSE,FALSE,TRUE,FALSE,FALSE
KXD1,chr19,18591000,18974000,NA,NA,0.637870325,0.57327852,NA,NA,FALSE,FALSE,FALSE,TRUE,FALSE,FALSE
UBA52;DL491652,chr19,18591000,18974000,NA,NA,0.616126726,0.58136646,NA,NA,FALSE,FALSE,FALSE,TRUE,FALSE,FALSE
AK023040,chr19,21097000,24568000,0.196225782,0.140399654,NA,NA,NA,NA,FALSE,TRUE,FALSE,FALSE,FALSE,FALSE
LOC80054,chr19,33689000,33899000,0.339832467,0.236471972,NA,NA,NA,NA,FALSE,TRUE,FALSE,FALSE,FALSE,FALSE
ALKBH6,chr19,36018000,36603000,NA,NA,0.550533983,0.513190938,NA,NA,FALSE,FALSE,FALSE,TRUE,FALSE,FALSE
IGFLR1;U2AF1L4,chr19,36018000,36603000,NA,NA,0.495236606,0.423843782,NA,NA,FALSE,FALSE,FALSE,TRUE,FALSE,FALSE
RBM42,chr19,36018000,36603000,NA,NA,0.700272577,0.619116136,NA,NA,FALSE,FALSE,FALSE,TRUE,FALSE,FALSE
TMEM147,chr19,36018000,36603000,NA,NA,0.599235891,0.54834443,NA,NA,FALSE,FALSE,FALSE,TRUE,FALSE,FALSE
HKR1,chr19,36830000,38316000,NA,NA,0.265806452,0.232959903,NA,NA,FALSE,FALSE,FALSE,TRUE,FALSE,FALSE
ZNF850,chr19,36830000,38316000,NA,NA,0.302480794,0.271340352,NA,NA,FALSE,FALSE,FALSE,TRUE,FALSE,FALSE
ZFP14,chr19,36830000,38316000,0.229275934,0.182718752,NA,NA,NA,NA,FALSE,TRUE,FALSE,FALSE,FALSE,FALSE
C19orf33,chr19,38727000,38869000,0.408574394,0.266204468,0.634961348,0.523843782,NA,NA,TRUE,TRUE,FALSE,TRUE,FALSE,FALSE
KCNK6,chr19,38727000,38869000,NA,NA,0.371233282,0.292831001,NA,NA,FALSE,FALSE,FALSE,TRUE,FALSE,FALSE
PPP1R14A,chr19,38727000,38869000,NA,NA,0.608221994,0.522328969,NA,NA,FALSE,FALSE,FALSE,TRUE,FALSE,FALSE
SPINT2,chr19,38727000,38869000,NA,NA,0.384561419,0.297774699,NA,NA,FALSE,FALSE,FALSE,TRUE,FALSE,FALSE
YIF1B,chr19,38727000,38869000,NA,NA,0.318376835,0.252480924,NA,NA,FALSE,FALSE,FALSE,TRUE,FALSE,FALSE
PLD3,chr19,40792000,41108000,NA,NA,0.425649046,0.360422718,NA,NA,FALSE,FALSE,FALSE,TRUE,FALSE,FALSE
SPTBN4,chr19,40792000,41108000,0.274746995,0.227833837,NA,NA,NA,NA,FALSE,TRUE,FALSE,FALSE,FALSE,FALSE
ITPKC,chr19,41175000,41287000,NA,NA,NA,NA,0.675262216,0.529117854,FALSE,FALSE,FALSE,FALSE,FALSE,TRUE
GSK3A,chr19,42607000,42880000,0.667834496,0.628753467,NA,NA,NA,NA,FALSE,TRUE,FALSE,FALSE,FALSE,FALSE
PHLDB3,chr19,43948000,44278000,NA,NA,0.260162404,0.239871279,NA,NA,FALSE,FALSE,FALSE,TRUE,FALSE,FALSE
PLAUR,chr19,43948000,44278000,NA,NA,0.347620537,0.250119532,NA,NA,FALSE,FALSE,FALSE,TRUE,FALSE,FALSE
KCNN4,chr19,43948000,44278000,0.404082946,0.365100571,NA,NA,NA,NA,FALSE,TRUE,FALSE,FALSE,FALSE,FALSE
LOC100505715,chr19,44374000,44932000,NA,NA,0.389601024,0.349166272,NA,NA,FALSE,FALSE,FALSE,TRUE,FALSE,FALSE
MARK4,chr19,45467000,45825000,NA,NA,0.296001976,0.245938283,NA,NA,FALSE,FALSE,FALSE,TRUE,FALSE,FALSE
AK096622,chr19,46527000,46776000,NA,NA,0.24833395,0.19414267,NA,NA,FALSE,FALSE,FALSE,TRUE,FALSE,FALSE
BC062328,chr19,46527000,46776000,NA,NA,0.354357455,0.256173238,NA,NA,FALSE,FALSE,FALSE,TRUE,FALSE,FALSE
IGFL1,chr19,46527000,46776000,NA,NA,0.400887073,0.171963905,NA,NA,FALSE,FALSE,TRUE,TRUE,FALSE,FALSE
AP2A1,chr19,50202000,50346000,NA,NA,0.313588632,0.281384334,NA,NA,FALSE,FALSE,FALSE,TRUE,FALSE,FALSE
C19orf81,chr19,50870000,51592000,0.443148042,0.368860826,NA,NA,NA,NA,FALSE,TRUE,FALSE,FALSE,FALSE,FALSE
SPIB,chr19,50870000,51592000,0.256723003,0.214691178,NA,NA,NA,NA,FALSE,TRUE,FALSE,FALSE,FALSE,FALSE
ZNF880;AF086165,chr19,52840000,53018000,0.246121531,0.125122303,NA,NA,NA,NA,FALSE,TRUE,FALSE,FALSE,FALSE,FALSE
ZNF816,chr19,53047000,54217000,0.241066545,0.191236847,NA,NA,NA,NA,FALSE,TRUE,FALSE,FALSE,FALSE,FALSE
CACNG8;MIR935,chr19,54348000,54583000,NA,NA,0.241157854,0.195515971,NA,NA,FALSE,FALSE,FALSE,TRUE,FALSE,FALSE
HSPBP1,chr19,55689000,55972000,NA,NA,0.739179588,0.619330622,NA,NA,FALSE,FALSE,FALSE,TRUE,FALSE,FALSE
TMEM238,chr19,55689000,55972000,NA,NA,0.563121677,0.470887886,NA,NA,FALSE,FALSE,FALSE,TRUE,FALSE,FALSE
SLC27A5,chr19,58738000,59025000,NA,NA,0.299696144,0.268068278,NA,NA,FALSE,FALSE,FALSE,TRUE,FALSE,FALSE
KCNK3,chr2,26404000,26979000,NA,NA,0.224690288,0.204559925,NA,NA,FALSE,FALSE,FALSE,TRUE,FALSE,FALSE
ABHD1;AK074615,chr2,27051000,27537000,NA,NA,0.242563312,0.196617283,NA,NA,FALSE,FALSE,FALSE,TRUE,FALSE,FALSE
CGREF1,chr2,27051000,27537000,NA,NA,0.251270701,0.208744804,NA,NA,FALSE,FALSE,FALSE,TRUE,FALSE,FALSE
SLC30A3,chr2,27051000,27537000,NA,NA,0.280926109,0.196593637,NA,NA,FALSE,FALSE,FALSE,TRUE,FALSE,FALSE
AGBL5,chr2,27051000,27537000,0.568378681,0.527796738,NA,NA,NA,NA,FALSE,TRUE,FALSE,FALSE,FALSE,FALSE
SLC5A6,chr2,27051000,27537000,0.627841782,0.573581813,NA,NA,NA,NA,FALSE,TRUE,FALSE,FALSE,FALSE,FALSE
TMEM214,chr2,27051000,27537000,0.485415525,0.447941083,NA,NA,NA,NA,FALSE,TRUE,FALSE,FALSE,FALSE,FALSE
PRKD3,chr2,36553000,38102000,0.646065049,0.592094428,NA,NA,NA,NA,FALSE,TRUE,FALSE,FALSE,FALSE,FALSE
C2orf61,chr2,47201000,47543000,NA,NA,0.739039761,0.705666541,NA,NA,FALSE,FALSE,FALSE,TRUE,FALSE,FALSE
CAPG,chr2,85621000,85820000,NA,NA,0.452316904,0.408414138,NA,NA,FALSE,FALSE,FALSE,TRUE,FALSE,FALSE
VAMP8,chr2,85621000,85820000,NA,NA,0.301198521,0.271248928,NA,NA,FALSE,FALSE,FALSE,TRUE,FALSE,FALSE
BC046476,chr2,88357000,88978000,NA,NA,0.409934455,0.282377905,NA,NA,FALSE,FALSE,FALSE,TRUE,FALSE,FALSE
C2orf51,chr2,88357000,88978000,NA,NA,0.220389541,0.146385011,NA,NA,FALSE,FALSE,FALSE,TRUE,FALSE,FALSE
LY75,chr2,159767000,160914000,NA,NA,0.173151926,0.145890147,NA,NA,FALSE,FALSE,FALSE,TRUE,FALSE,FALSE
SSB,chr2,170332000,170776000,0.814097821,0.741329979,NA,NA,NA,NA,FALSE,TRUE,FALSE,FALSE,FALSE,FALSE
AGPS,chr2,178045000,178639000,0.540123016,0.502354402,NA,NA,NA,NA,FALSE,TRUE,FALSE,FALSE,FALSE,FALSE
PLEKHM3,chr2,208426000,208913000,NA,NA,0.31737833,0.25203273,NA,NA,FALSE,FALSE,FALSE,TRUE,FALSE,FALSE
STK25,chr2,242302000,242804000,NA,NA,0.350676974,0.287233567,NA,NA,FALSE,FALSE,FALSE,TRUE,FALSE,FALSE
MIR1292,chr20,2461000,3020000,NA,NA,0.246156066,0.218879638,NA,NA,FALSE,FALSE,FALSE,TRUE,FALSE,FALSE
ACSS1,chr20,24976000,25662000,NA,NA,0.246874825,0.210255897,NA,NA,FALSE,FALSE,FALSE,TRUE,FALSE,FALSE
BPIFA2,chr20,31464000,31931000,NA,NA,0.633506727,0.281526819,NA,NA,FALSE,FALSE,TRUE,TRUE,FALSE,FALSE
BPIFA3,chr20,31464000,31931000,NA,NA,0.240284171,0.143440788,NA,NA,FALSE,FALSE,FALSE,TRUE,FALSE,FALSE
BPIFA4P,chr20,31464000,31931000,NA,NA,0.263918679,0.13804844,NA,NA,FALSE,FALSE,FALSE,TRUE,FALSE,FALSE
BPIFB1,chr20,31464000,31931000,NA,NA,0.555993184,0.309647342,NA,NA,FALSE,FALSE,TRUE,TRUE,FALSE,FALSE
BPIFB4,chr20,31464000,31931000,NA,NA,0.271796849,0.144263489,NA,NA,FALSE,FALSE,FALSE,TRUE,FALSE,FALSE
MMP24,chr20,33434000,33868000,NA,NA,0.415979266,0.364672237,NA,NA,FALSE,FALSE,FALSE,TRUE,FALSE,FALSE
PKIG,chr20,42839000,43510000,NA,NA,0.313814641,0.2609771,NA,NA,FALSE,FALSE,FALSE,TRUE,FALSE,FALSE
KCNS1,chr20,43599000,43913000,0.189282026,0.111275502,NA,NA,NA,NA,FALSE,TRUE,FALSE,FALSE,FALSE,FALSE
DNAJC5,chr20,62083000,62871000,0.403587163,0.33659396,0.349497297,0.307837705,NA,NA,FALSE,TRUE,FALSE,TRUE,FALSE,FALSE
TCEA2;BC056407,chr20,62083000,62871000,NA,NA,0.530716889,0.447136207,NA,NA,FALSE,FALSE,FALSE,TRUE,FALSE,FALSE
EEF1A2,chr20,62083000,62871000,0.522611878,0.413493319,NA,NA,NA,NA,FALSE,TRUE,FALSE,FALSE,FALSE,FALSE
UCKL1,chr20,62083000,62871000,0.537945454,0.461155193,NA,NA,NA,NA,FALSE,TRUE,FALSE,FALSE,FALSE,FALSE
TRPM2,chr21,45556000,45896000,NA,NA,0.308656771,0.189866716,NA,NA,FALSE,FALSE,FALSE,TRUE,FALSE,FALSE
COL6A1,chr21,47394000,48042000,0.507318656,0.414583426,NA,NA,0.895282146,0.640826395,FALSE,TRUE,FALSE,FALSE,FALSE,TRUE
COL6A2;DKFZp586E1322,chr21,47394000,48042000,0.529760993,0.485046573,NA,NA,0.954856614,0.65106383,FALSE,TRUE,FALSE,FALSE,TRUE,TRUE
BC031638,chr21,47394000,48042000,0.311957709,0.229309164,NA,NA,NA,NA,FALSE,TRUE,FALSE,FALSE,FALSE,FALSE
C21orf58,chr21,47394000,48042000,0.299495492,0.258543712,NA,NA,NA,NA,FALSE,TRUE,FALSE,FALSE,FALSE,FALSE
FTCD,chr21,47394000,48042000,0.313802354,0.25624695,NA,NA,NA,NA,FALSE,TRUE,FALSE,FALSE,FALSE,FALSE
KCTD17,chr22,36976000,37637000,NA,NA,0.501146169,0.400381609,NA,NA,FALSE,FALSE,FALSE,TRUE,FALSE,FALSE
NPTXR,chr22,39175000,39515000,NA,NA,0.279975251,0.20454173,NA,NA,FALSE,FALSE,FALSE,TRUE,FALSE,FALSE
DQ586951,chr22,45575000,45943000,NA,NA,NA,NA,0.511166747,0.3659995,FALSE,FALSE,FALSE,FALSE,FALSE,TRUE
ARSA,chr22,50684000,51123000,0.352888852,0.313730629,0.381837681,0.305356644,NA,NA,FALSE,TRUE,FALSE,TRUE,FALSE,FALSE
LMF2,chr22,50684000,51123000,NA,NA,0.466508781,0.381518388,NA,NA,FALSE,FALSE,FALSE,TRUE,FALSE,FALSE
GLB1,chr3,32767000,33444000,NA,NA,0.596058717,0.497504301,NA,NA,FALSE,FALSE,FALSE,TRUE,FALSE,FALSE
CPNE4,chr3,130774000,132372000,NA,NA,0.357117664,0.327709224,NA,NA,FALSE,FALSE,FALSE,TRUE,FALSE,FALSE
NUDT16,chr3,130774000,132372000,0.189434777,0.145236239,0.272816764,0.243836827,NA,NA,FALSE,TRUE,FALSE,TRUE,FALSE,FALSE
TM4SF18,chr3,148673000,149213000,NA,NA,0.561183974,0.536978791,NA,NA,FALSE,FALSE,FALSE,TRUE,FALSE,FALSE
MUC20,chr3,195427000,195624000,0.306258037,0.214959243,NA,NA,NA,NA,FALSE,TRUE,FALSE,FALSE,FALSE,FALSE
WHSC2;MIR943,chr4,1733000,2470000,NA,NA,0.2772644,0.234317887,NA,NA,FALSE,FALSE,FALSE,TRUE,FALSE,FALSE
UBE2K,chr4,39486000,39967000,0.729189672,0.606936586,NA,NA,NA,NA,FALSE,TRUE,FALSE,FALSE,FALSE,FALSE
CNGA1,chr4,44845000,48953000,0.188506088,0.147873347,NA,NA,NA,NA,FALSE,TRUE,FALSE,FALSE,FALSE,FALSE
CXCL2,chr4,74192000,75004000,NA,NA,0.471282828,0.395367615,NA,NA,FALSE,FALSE,FALSE,TRUE,FALSE,FALSE
BC016361,chr4,75033000,75593000,0.236555971,0.174166652,NA,NA,NA,NA,FALSE,TRUE,FALSE,FALSE,FALSE,FALSE
FGA,chr4,154616000,156285000,NA,NA,0.528229408,0.44514917,NA,NA,FALSE,FALSE,FALSE,TRUE,FALSE,FALSE
FGB,chr4,154616000,156285000,NA,NA,0.617194787,0.453505308,NA,NA,FALSE,FALSE,FALSE,TRUE,FALSE,FALSE
FGG,chr4,154616000,156285000,NA,NA,0.586427592,0.38760072,NA,NA,FALSE,FALSE,TRUE,TRUE,FALSE,FALSE
GUCY1B3,chr4,156331000,158873000,NA,NA,0.2119776,0.146496338,NA,NA,FALSE,FALSE,FALSE,TRUE,FALSE,FALSE
ODZ3,chr4,177321000,183729000,NA,NA,0.250275269,0.228105669,NA,NA,FALSE,FALSE,FALSE,TRUE,FALSE,FALSE
LNPEP,chr5,95698000,96490000,NA,NA,0.46306801,0.421014697,NA,NA,FALSE,FALSE,FALSE,TRUE,FALSE,FALSE
C5orf24,chr5,133946000,134186000,NA,NA,NA,NA,0.685846438,0.534505088,FALSE,FALSE,FALSE,FALSE,FALSE,TRUE
PSD2,chr5,138734000,139537000,NA,NA,0.207586425,0.166266635,NA,NA,FALSE,FALSE,FALSE,TRUE,FALSE,FALSE
PCDHA5,chr5,140191000,140920000,NA,NA,0.358798028,0.335510656,NA,NA,FALSE,FALSE,FALSE,TRUE,FALSE,FALSE
AK054753,chr5,145940000,148080000,0.186637039,0.137272985,NA,NA,NA,NA,FALSE,TRUE,FALSE,FALSE,FALSE,FALSE
PDE6A,chr5,149023000,149381000,NA,NA,0.301992587,0.23925055,NA,NA,FALSE,FALSE,FALSE,TRUE,FALSE,FALSE
ANXA6,chr5,150391000,151118000,NA,NA,0.332343193,0.28058479,NA,NA,FALSE,FALSE,FALSE,TRUE,FALSE,FALSE
MGAT4B;MIR1229,chr5,179065000,179523000,NA,NA,0.501975066,0.337119621,NA,NA,FALSE,FALSE,FALSE,TRUE,FALSE,FALSE
TDP2,chr6,24419000,24762000,NA,NA,0.547702279,0.522655512,NA,NA,FALSE,FALSE,FALSE,TRUE,FALSE,FALSE
AK309286,chr6,27902000,29556000,NA,NA,0.27098086,0.249617774,NA,NA,FALSE,FALSE,FALSE,TRUE,FALSE,FALSE
RPP21,chr6,29638000,30394000,NA,NA,0.25988794,0.202637556,NA,NA,FALSE,FALSE,FALSE,TRUE,FALSE,FALSE
PSORS1C3,chr6,31102000,31347000,NA,NA,0.27291701,0.2246959,NA,NA,FALSE,FALSE,FALSE,TRUE,FALSE,FALSE
RDBP;MIR1236,chr6,31619000,31924000,NA,NA,0.34951517,0.297184861,NA,NA,FALSE,FALSE,FALSE,TRUE,FALSE,FALSE
AGER,chr6,32040000,32165000,0.346946689,0.27876849,NA,NA,NA,NA,FALSE,TRUE,FALSE,FALSE,FALSE,FALSE
LOC100507547,chr6,32040000,32165000,0.222816306,0.152294819,NA,NA,NA,NA,FALSE,TRUE,FALSE,FALSE,FALSE,FALSE
PHF1,chr6,33325000,33690000,NA,NA,0.338864809,0.173994803,NA,NA,FALSE,FALSE,FALSE,TRUE,FALSE,FALSE
TAF8,chr6,41778000,42021000,NA,NA,0.208231653,0.182530776,NA,NA,FALSE,FALSE,FALSE,TRUE,FALSE,FALSE
RCAN2,chr6,45897000,47017000,NA,NA,0.191849279,0.142141967,NA,NA,FALSE,FALSE,FALSE,TRUE,FALSE,FALSE
TDRD6,chr6,45897000,47017000,NA,NA,0.191849279,0.131534358,NA,NA,FALSE,FALSE,FALSE,TRUE,FALSE,FALSE
GRIK2,chr6,101153000,105850000,0.207072422,0.134969843,NA,NA,NA,NA,FALSE,TRUE,FALSE,FALSE,FALSE,FALSE
NHEG1,chr6,136913000,137949000,0.212423487,0.163024588,NA,NA,NA,NA,FALSE,TRUE,FALSE,FALSE,FALSE,FALSE
HEBP2,chr6,138028000,139671000,NA,NA,0.508038786,0.425537334,NA,NA,FALSE,FALSE,FALSE,TRUE,FALSE,FALSE
PERP,chr6,138028000,139671000,0.493845888,0.44433503,NA,NA,NA,NA,FALSE,TRUE,FALSE,FALSE,FALSE,FALSE
FBXL18,chr7,5371000,5742000,NA,NA,0.308105813,0.281370928,NA,NA,FALSE,FALSE,FALSE,TRUE,FALSE,FALSE
AHR,chr7,16154000,19697000,NA,NA,0.501378732,0.392712733,NA,NA,FALSE,FALSE,FALSE,TRUE,FALSE,FALSE
CCDC126,chr7,23598000,24775000,NA,NA,0.215511446,0.177134751,NA,NA,FALSE,FALSE,FALSE,TRUE,FALSE,FALSE
URGCP-MRPS24,chr7,42990000,43943000,NA,NA,0.278337993,0.250094946,NA,NA,FALSE,FALSE,FALSE,TRUE,FALSE,FALSE
C7orf44,chr7,42990000,43943000,0.425710469,0.380562607,NA,NA,NA,NA,FALSE,TRUE,FALSE,FALSE,FALSE,FALSE
ZNF736,chr7,63343000,64432000,0.241998713,0.190175561,NA,NA,NA,NA,FALSE,TRUE,FALSE,FALSE,FALSE,FALSE
TMEM120A,chr7,75427000,75668000,0.240283944,0.158725158,NA,NA,NA,NA,FALSE,TRUE,FALSE,FALSE,FALSE,FALSE
PON1,chr7,92754000,95332000,0.196032204,0.134623758,NA,NA,NA,NA,FALSE,TRUE,FALSE,FALSE,FALSE,FALSE
EPHB4,chr7,100058000,100454000,NA,NA,0.411497386,0.35385406,NA,NA,FALSE,FALSE,FALSE,TRUE,FALSE,FALSE
LRCH4;ZASP,chr7,100058000,100454000,NA,NA,0.219015807,0.186100654,NA,NA,FALSE,FALSE,FALSE,TRUE,FALSE,FALSE
GPR85,chr7,112200000,113371000,NA,NA,0.312978604,0.20257107,NA,NA,FALSE,FALSE,FALSE,TRUE,FALSE,FALSE
LOC401397,chr7,112200000,113371000,NA,NA,0.335904105,0.20349067,NA,NA,FALSE,FALSE,FALSE,TRUE,FALSE,FALSE
CAV1,chr7,115810000,116462000,0.559309814,0.372710352,NA,NA,NA,NA,TRUE,TRUE,FALSE,FALSE,FALSE,FALSE
TES,chr7,115810000,116462000,0.370072062,0.208260759,NA,NA,NA,NA,TRUE,TRUE,FALSE,FALSE,FALSE,FALSE
AKR1B15,chr7,131399000,134849000,NA,NA,0.448394996,0.396010955,NA,NA,FALSE,FALSE,FALSE,TRUE,FALSE,FALSE
EXOC4,chr7,131399000,134849000,NA,NA,0.345113723,0.314425486,NA,NA,FALSE,FALSE,FALSE,TRUE,FALSE,FALSE
OR6V1,chr7,142511000,142898000,NA,NA,0.251994781,0.144263489,NA,NA,FALSE,FALSE,FALSE,TRUE,FALSE,FALSE
PDIA4,chr7,144166000,148838000,NA,NA,0.382760624,0.322793691,NA,NA,FALSE,FALSE,FALSE,TRUE,FALSE,FALSE
ABCF2,chr7,150613000,151724000,NA,NA,0.503007284,0.476191966,NA,NA,FALSE,FALSE,FALSE,TRUE,FALSE,FALSE
AGAP3;AX747175,chr7,150613000,151724000,NA,NA,0.449738594,0.428955717,NA,NA,FALSE,FALSE,FALSE,TRUE,FALSE,FALSE
FASTK,chr7,150613000,151724000,NA,NA,0.642919702,0.597439564,NA,NA,FALSE,FALSE,FALSE,TRUE,FALSE,FALSE
TMUB1,chr7,150613000,151724000,NA,NA,0.648675097,0.608338174,NA,NA,FALSE,FALSE,FALSE,TRUE,FALSE,FALSE
LOC100505483,chr7,150613000,151724000,0.25446593,0.209733869,NA,NA,NA,NA,FALSE,TRUE,FALSE,FALSE,FALSE,FALSE
FGL1,chr8,17170000,17760000,NA,NA,0.444940392,0.406636531,NA,NA,FALSE,FALSE,FALSE,TRUE,FALSE,FALSE
SLC7A2,chr8,17170000,17760000,NA,NA,0.252270293,0.212334886,NA,NA,FALSE,FALSE,FALSE,TRUE,FALSE,FALSE
CLU,chr8,27189000,27610000,NA,NA,0.373828142,0.31300773,NA,NA,FALSE,FALSE,FALSE,TRUE,FALSE,FALSE
SCARA3,chr8,27189000,27610000,NA,NA,0.47412753,0.241083158,NA,NA,FALSE,FALSE,TRUE,TRUE,FALSE,FALSE
TCEB1,chr8,74600000,75251000,NA,NA,NA,NA,0.49918283,0.335676842,FALSE,FALSE,FALSE,FALSE,FALSE,TRUE
TMEM70,chr8,74600000,75251000,NA,NA,NA,NA,0.540195504,0.329334855,FALSE,FALSE,FALSE,FALSE,FALSE,TRUE
FAM164A,chr8,75307000,80501000,0.46047539,0.388571665,NA,NA,NA,NA,FALSE,TRUE,FALSE,FALSE,FALSE,FALSE
MATN2,chr8,98644000,99058000,NA,NA,NA,NA,0.619362422,0.436850802,FALSE,FALSE,FALSE,FALSE,FALSE,TRUE
LAPTM4B,chr8,98644000,99058000,NA,NA,0.63225792,0.554939899,NA,NA,FALSE,FALSE,FALSE,TRUE,FALSE,FALSE
TTC35,chr8,106927000,109874000,NA,NA,0.197207167,0.169101108,NA,NA,FALSE,FALSE,FALSE,TRUE,FALSE,FALSE
CYC1,chr8,144404000,145173000,NA,NA,0.670150588,0.648174628,NA,NA,FALSE,FALSE,FALSE,TRUE,FALSE,FALSE
GRINA,chr8,144404000,145173000,NA,NA,0.625193262,0.460199294,NA,NA,FALSE,FALSE,FALSE,TRUE,FALSE,FALSE
OPLAH,chr8,144404000,145173000,NA,NA,0.335280091,0.307208425,NA,NA,FALSE,FALSE,FALSE,TRUE,FALSE,FALSE
PYCRL,chr8,144404000,145173000,NA,NA,0.394414406,0.325327316,NA,NA,FALSE,FALSE,FALSE,TRUE,FALSE,FALSE
RHPN1,chr8,144404000,145173000,NA,NA,0.389311408,0.351324903,NA,NA,FALSE,FALSE,FALSE,TRUE,FALSE,FALSE
TIGD5,chr8,144404000,145173000,NA,NA,0.347066446,0.274757585,NA,NA,FALSE,FALSE,FALSE,TRUE,FALSE,FALSE
TSTA3,chr8,144404000,145173000,0.72580382,0.653775003,0.501443317,0.474569909,NA,NA,FALSE,TRUE,FALSE,TRUE,FALSE,FALSE
ZC3H3,chr8,144404000,145173000,NA,NA,0.47620984,0.401452254,NA,NA,FALSE,FALSE,FALSE,TRUE,FALSE,FALSE
C8orf73,chr8,144404000,145173000,0.472554216,0.410396438,NA,NA,NA,NA,FALSE,TRUE,FALSE,FALSE,FALSE,FALSE
GPAA1,chr8,144404000,145173000,0.569875305,0.515027151,NA,NA,NA,NA,FALSE,TRUE,FALSE,FALSE,FALSE,FALSE
GSDMD,chr8,144404000,145173000,0.587682545,0.481606638,NA,NA,NA,NA,FALSE,TRUE,FALSE,FALSE,FALSE,FALSE
MAF1,chr8,144404000,145173000,0.696516054,0.657631402,NA,NA,NA,NA,FALSE,TRUE,FALSE,FALSE,FALSE,FALSE
NAPRT1,chr8,144404000,145173000,0.637118012,0.560441593,NA,NA,NA,NA,FALSE,TRUE,FALSE,FALSE,FALSE,FALSE
SCRIB;MIR937,chr8,144404000,145173000,0.593368511,0.454659555,NA,NA,NA,NA,TRUE,TRUE,FALSE,FALSE,FALSE,FALSE
SHARPIN,chr8,144404000,145173000,0.520073485,0.441699211,NA,NA,NA,NA,FALSE,TRUE,FALSE,FALSE,FALSE,FALSE
C8ORFK29;FBXL6,chr8,145552000,145689000,0.556557682,0.509798955,NA,NA,NA,NA,FALSE,TRUE,FALSE,FALSE,FALSE,FALSE
C9orf68,chr9,2881000,5668000,NA,NA,0.354594594,0.309841082,NA,NA,FALSE,FALSE,FALSE,TRUE,FALSE,FALSE
C9orf93,chr9,14456000,15618000,NA,NA,0.411209573,0.366571274,NA,NA,FALSE,FALSE,FALSE,TRUE,FALSE,FALSE
CDKN2B,chr9,21883000,22218000,0.370687456,0.16977661,NA,NA,NA,NA,TRUE,TRUE,FALSE,FALSE,FALSE,FALSE
C9orf25,chr9,34334000,34605000,NA,NA,0.216661793,0.18502431,NA,NA,FALSE,FALSE,FALSE,TRUE,FALSE,FALSE
CBWD5,chr9,39164000,43460000,0.191911279,0.150801922,NA,NA,NA,NA,FALSE,TRUE,FALSE,FALSE,FALSE,FALSE
ZNF658,chr9,39164000,43460000,0.212860738,0.165889222,NA,NA,NA,NA,FALSE,TRUE,FALSE,FALSE,FALSE,FALSE
FOXD4L6,chr9,69002000,69815000,NA,NA,0.236368302,0.142214271,NA,NA,FALSE,FALSE,FALSE,TRUE,FALSE,FALSE
FAM129B,chr9,130234000,130682000,NA,NA,0.629684079,0.513168596,NA,NA,FALSE,FALSE,FALSE,TRUE,FALSE,FALSE
FPGS,chr9,130234000,130682000,NA,NA,0.419008892,0.363001028,NA,NA,FALSE,FALSE,FALSE,TRUE,FALSE,FALSE
CERCAM,chr9,131049000,131391000,NA,NA,0.369873955,0.346689247,NA,NA,FALSE,FALSE,FALSE,TRUE,FALSE,FALSE
ENDOG,chr9,131418000,131775000,NA,NA,0.441932169,0.361517494,NA,NA,FALSE,FALSE,FALSE,TRUE,FALSE,FALSE
RPL7A;DQ601906,chr9,135946000,136352000,NA,NA,0.467804638,0.323933152,NA,NA,FALSE,FALSE,FALSE,TRUE,FALSE,FALSE
SURF4,chr9,135946000,136352000,NA,NA,0.41509004,0.313615443,NA,NA,FALSE,FALSE,FALSE,TRUE,FALSE,FALSE
PMPCA,chr9,139271000,139578000,NA,NA,0.566464096,0.51763707,NA,NA,FALSE,FALSE,FALSE,TRUE,FALSE,FALSE
ABCA2,chr9,139714000,140154000,NA,NA,0.281273879,0.232857737,NA,NA,FALSE,FALSE,FALSE,TRUE,FALSE,FALSE
C9orf140,chr9,139714000,140154000,0.486400618,0.425309176,0.435645024,0.373649403,NA,NA,FALSE,TRUE,FALSE,TRUE,FALSE,FALSE
C9orf142,chr9,139714000,140154000,0.506485202,0.440071645,0.409893203,0.309133563,NA,NA,FALSE,TRUE,FALSE,TRUE,FALSE,FALSE
C9orf86,chr9,139714000,140154000,NA,NA,0.421426337,0.374038161,NA,NA,FALSE,FALSE,FALSE,TRUE,FALSE,FALSE
COBRA1,chr9,139714000,140154000,NA,NA,0.72604674,0.613222217,NA,NA,FALSE,FALSE,FALSE,TRUE,FALSE,FALSE
DPP7,chr9,139714000,140154000,NA,NA,0.472697618,0.440654185,NA,NA,FALSE,FALSE,FALSE,TRUE,FALSE,FALSE
EDF1,chr9,139714000,140154000,0.778466206,0.66654144,0.775517226,0.63167255,NA,NA,FALSE,TRUE,FALSE,TRUE,FALSE,FALSE
FBXW5,chr9,139714000,140154000,NA,NA,0.757589705,0.57544573,NA,NA,FALSE,FALSE,FALSE,TRUE,FALSE,FALSE
LRRC26,chr9,139714000,140154000,NA,NA,0.37786194,0.296720134,NA,NA,FALSE,FALSE,FALSE,TRUE,FALSE,FALSE
MAN1B1,chr9,139714000,140154000,NA,NA,0.493627955,0.45687028,NA,NA,FALSE,FALSE,FALSE,TRUE,FALSE,FALSE
NDOR1,chr9,139714000,140154000,NA,NA,0.414717087,0.344237279,NA,NA,FALSE,FALSE,FALSE,TRUE,FALSE,FALSE
NPDC1,chr9,139714000,140154000,NA,NA,0.524031458,0.437472631,NA,NA,FALSE,FALSE,FALSE,TRUE,FALSE,FALSE
PHPT1,chr9,139714000,140154000,NA,NA,0.733299075,0.60231467,NA,NA,FALSE,FALSE,FALSE,TRUE,FALSE,FALSE
SSNA1,chr9,139714000,140154000,NA,NA,0.66747844,0.491626078,NA,NA,FALSE,FALSE,FALSE,TRUE,FALSE,FALSE
TRAF2,chr9,139714000,140154000,NA,NA,0.629889629,0.52062648,NA,NA,FALSE,FALSE,FALSE,TRUE,FALSE,FALSE
TUBB4B,chr9,139714000,140154000,NA,NA,0.643518477,0.578301086,NA,NA,FALSE,FALSE,FALSE,TRUE,FALSE,FALSE
PNPLA7,chr9,140201000,140394000,0.254040383,0.214741109,NA,NA,NA,NA,FALSE,TRUE,FALSE,FALSE,FALSE,FALSE
PRAF2,chrX,48525000,49041000,0.649833458,0.584983023,NA,NA,NA,NA,FALSE,TRUE,FALSE,FALSE,FALSE,FALSE
BEX2,chrX,102471000,102733000,NA,NA,0.282749865,0.206883827,NA,NA,FALSE,FALSE,FALSE,TRUE,FALSE,FALSE
MBNL3,chrX,130987000,131739000,NA,NA,NA,NA,0.563539625,0.390321989,FALSE,FALSE,FALSE,FALSE,FALSE,TRUE
IDH3G,chrX,153029000,153210000,NA,NA,0.548246124,0.499964252,NA,NA,FALSE,FALSE,FALSE,TRUE,FALSE,FALSE
FAM3A,chrX,153625000,153758000,NA,NA,0.455181197,0.416095447,0.536725254,0.392537774,FALSE,FALSE,FALSE,TRUE,FALSE,TRUE
GDI1,chrX,153625000,153758000,NA,NA,0.414330399,0.338026721,NA,NA,FALSE,FALSE,FALSE,TRUE,FALSE,FALSE
DDX3Y,chrY,13453000,21152000,NA,NA,0.765411398,0.286049606,NA,NA,FALSE,FALSE,TRUE,TRUE,FALSE,FALSE
GYG2P1,chrY,13453000,21152000,NA,NA,0.322558568,0.249207925,NA,NA,FALSE,FALSE,FALSE,TRUE,FALSE,FALSE
TTTY15,chrY,13453000,21152000,NA,NA,0.689700789,0.288028359,NA,NA,FALSE,FALSE,TRUE,TRUE,FALSE,FALSE
USP9Y,chrY,13453000,21152000,NA,NA,0.448148498,0.356927383,NA,NA,FALSE,FALSE,FALSE,TRUE,FALSE,FALSE
UTY,chrY,13453000,21152000,NA,NA,0.431151199,0.226553322,NA,NA,FALSE,FALSE,TRUE,TRUE,FALSE,FALSE
